cluster,violations,frequency_score,is_peak_hour,peak_score,recurrence_score,growth_score,risk_score,risk_level,violation_density,priority_score,priority_rank
2,76482,100.0,0.208924975811302,20.8924975811302,100.0,0.4484304932735426,65.29038896927358,High,100.0,75.70327227849151,1
4,45179,59.07141549645668,0.1367892162287788,13.678921622877883,100.0,0.8968609865470852,47.18282575228421,Medium,59.07141549645668,50.74940267553595,2
3,32228,42.13801940325828,0.1156447809358321,11.56447809358322,100.0,1.345291479820628,39.94812100667222,Low,42.13801940325828,40.60509052564804,3
5,4253,5.56078554431108,0.5541970373853751,55.41970373853751,100.0,96.41255605381166,50.54112356043056,Medium,5.56078554431108,37.04702215559472,4
9,17784,23.25253000706049,0.1423189383715699,14.231893837156996,98.68421052631578,2.242152466367713,32.93215043733176,Low,23.252530007060486,30.028264308250375,5
46,6212,8.122172537329044,0.0589182227945911,5.891822279459111,90.78947368421052,98.65470852017935,37.67792559966541,Low,8.122172537329044,28.8111996809645,6
15,2119,2.7705865432389323,0.2387918829636621,23.87918829636621,87.5,100.0,39.578031691387125,Low,2.7705865432389323,28.535798146942668,7
19,2242,2.9314086974713005,0.5472792149866191,54.72792149866192,90.78947368421052,38.78923766816144,38.83082424072032,Low,2.9314086974713005,28.060999577745612,8
113,207,0.2706519180983761,0.6570048309178744,65.70048309178745,44.73684210526316,92.37668161434978,39.33725220339131,Low,0.27065191809837613,27.617272117803427,9
44,1094,1.430401924635862,0.3820840950639854,38.20840950639854,69.07894736842105,98.20627802690582,38.67099432417406,Low,1.4304019246358621,27.498816604312598,10
20,2114,2.764049057294527,0.4262062440870388,42.62062440870388,78.28947368421053,66.14349775784754,37.34019512561302,Low,2.764049057294527,26.96735130511747,11
83,844,1.103527627415601,0.8021327014218009,80.2132701421801,65.78947368421053,20.62780269058296,36.746793726940815,Low,1.103527627415601,26.053813897083252,12
42,906,1.1845924531262255,0.3719646799116998,37.19646799116998,61.18421052631579,97.30941704035877,36.60620864035996,Low,1.1845924531262257,25.979723784189837,13
70,1537,2.0096231793101644,0.1717631750162654,17.176317501626546,85.52631578947368,89.23766816143498,35.58884202924069,Low,2.0096231793101644,25.51507637426153,14
21,5057,6.612013284171439,0.3027486652165315,30.27486652165316,96.71052631578948,25.112107623318387,33.322443350737515,Low,6.612013284171439,25.30931433076769,15
45,977,1.27742475353678,0.2732855680655066,27.328556806550665,69.73684210526315,92.82511210762333,35.214244340248506,Low,1.27742475353678,25.033198464234985,16
81,961,1.256504798514683,0.2965660770031217,29.656607700312176,59.210526315789465,99.10313901345292,34.62432995965975,Low,1.256504798514683,24.613982411316226,17
146,311,0.4066316257420047,0.4823151125401929,48.231511254019296,44.73684210526316,91.03139013452916,34.82260740503363,Low,0.4066316257420047,24.49781467124614,18
204,63,0.0823723228995057,0.8095238095238095,80.95238095238095,3.947368421052632,88.34080717488789,34.31163892769875,Low,0.08237232289950577,24.042858946258974,19
59,2022,2.6437593159174706,0.2720079129574678,27.200791295746782,88.81578947368422,46.63677130044843,32.61637514010779,Low,2.6437593159174706,23.624590392850696,20
55,1021,1.334954629847546,0.1459353574926542,14.593535749265426,67.76315789473685,96.8609865470852,32.26414535026552,Low,1.3349546298475459,22.985388134140127,21
33,406,0.5308438586857038,0.1921182266009852,19.21182266009852,65.13157894736842,94.61883408071748,32.234434110080215,Low,0.5308438586857038,22.72335703466186,22
64,930,1.2159723856593707,0.4666666666666667,46.66666666666666,85.52631578947368,12.556053811659194,31.141726850574027,Low,1.2159723856593707,22.16400051109963,23
63,1250,1.6343714861013048,0.108,10.8,84.86842105263158,70.85201793721974,30.9552354955498,Low,1.6343714861013048,22.158976292715252,24
37,1741,2.276352605841897,0.2303273980470993,23.032739804709937,92.76315789473684,35.65022421524663,30.56889120474861,Low,2.2763526058418972,22.081129625076596,25
26,5448,7.123244685023927,0.1551027900146843,15.51027900146843,99.3421052631579,2.690582959641256,26.998876120954453,Low,7.123244685023927,21.036186690175292,26
60,1844,2.411024816296645,0.3693058568329718,36.93058568329718,87.5,7.623318385650224,28.84055410519049,Low,2.4110248162966452,20.911695318522337,27
77,138,0.180434612065584,0.3840579710144927,38.40579710144928,32.23684210526316,88.78923766816143,29.4393771914654,Low,0.18043461206558406,20.661694417645453,28
101,546,0.7138934651290499,0.1978021978021978,19.78021978021978,46.05263157894737,97.75784753363229,29.10481577694088,Low,0.7138934651290499,20.58753908339733,29
167,165,0.2157370361653722,0.3151515151515151,31.515151515151512,45.39473684210527,80.71748878923766,29.15165338006073,Low,0.21573703616537226,20.47087847689212,30
48,690,0.9021730603279204,0.1115942028985507,11.159420289855072,78.28947368421053,66.14349775784754,28.730143697114173,Low,0.9021730603279203,20.381752506078296,31
215,67,0.0876023116550299,0.5223880597014925,52.23880597014925,13.157894736842104,86.54708520179372,28.708384144836803,Low,0.08760231165502995,20.12214959488227,32
13,4428,5.789597552365263,0.1492773261065944,14.927732610659438,98.68421052631578,3.1390134529147984,26.255466296811345,Low,5.7895975523652625,20.11570567347752,33
104,579,0.7570408723621245,0.2072538860103626,20.72538860103627,42.10526315789473,95.51569506726456,28.232570390872556,Low,0.7570408723621245,19.989911535319425,34
69,1305,1.706283831489762,0.296551724137931,29.655172413793103,90.78947368421052,10.31390134529148,27.80128657468001,Low,1.7062838314897621,19.972785751722935,35
196,105,0.1372872048325096,0.7428571428571429,74.28571428571429,12.5,48.4304932735426,28.39091744439297,Low,0.1372872048325096,19.91482837252483,36
6,2111,2.760126565727884,0.3060161061108479,30.601610611084794,89.47368421052632,4.035874439461884,27.254571287086897,Low,2.7601265657278837,19.906237870679192,37
35,3551,4.642922517716587,0.1644607152914672,16.446071529146717,97.36842105263158,4.932735426008969,26.182281413800972,Low,4.642922517716587,19.720473744975656,38
122,222,0.2902643759315917,0.5585585585585585,55.85585585585585,26.31578947368421,57.847533632287,28.02035765391649,Low,0.2902643759315917,19.70132967052102,39
50,875,1.1440600402709131,0.4068571428571428,40.68571428571428,76.97368421052632,8.968609865470851,27.369080909462827,Low,1.1440600402709133,19.50157464870525,40
121,402,0.5256138699301797,0.2213930348258706,22.139303482587064,47.368421052631575,82.7354260089686,27.629069530490444,Low,0.5256138699301797,19.498032832322366,41
136,399,0.5216913783635365,0.2807017543859649,28.07017543859649,29.605263157894733,95.96412556053812,27.541891876654205,Low,0.5216913783635365,19.435831727167002,42
141,211,0.2758819068539002,0.3554502369668246,35.54502369668246,19.73684210526316,95.06726457399104,27.20406679406346,Low,0.27588190685390024,19.125611327900593,43
74,2505,3.2752804581470154,0.1580838323353293,15.808383233532936,94.07894736842104,11.883408071748878,25.860508676088585,Low,3.2752804581470154,19.08494021070611,44
131,198,0.2588844433984467,0.3181818181818182,31.818181818181817,34.21052631578947,79.37219730941703,26.806034091475283,Low,0.2588844433984467,18.841889197052232,45
194,117,0.1529771710990821,0.5299145299145299,52.991452991453,11.842105263157894,72.42152466367713,26.54070386848603,Low,0.15297717109908215,18.624385859269946,46
25,1855,2.4254072853743365,0.1924528301886792,19.245283018867926,92.76315789473684,7.174887892376682,25.410348431670588,Low,2.4254072853743365,18.514866087781712,47
88,507,0.6629010747626893,0.1084812623274161,10.848126232741617,56.57894736842105,78.47533632286996,26.064281910205185,Low,0.6629010747626893,18.443867659572437,48
105,175,0.2288120080541827,0.3828571428571428,38.285714285714285,42.10526315789473,52.01793721973094,25.886696589188837,Low,0.2288120080541827,18.18933121484844,49
12,265,0.3464867550534766,0.2075471698113207,20.75471698113208,57.23684210526315,57.17488789237668,25.35087555221354,Low,0.3464867550534766,17.84955891306552,50
154,97,0.1268272273214612,0.4742268041237113,47.42268041237113,8.552631578947368,77.57847533632287,25.25369861025927,Low,0.12682722732146126,17.715637195377926,51
0,683,0.8930205800057531,0.2708638360175695,27.086383601756957,56.57894736842105,41.92825112107623,24.733831274287184,Low,0.8930205800057531,17.581588066002755,52
29,2810,3.674067100755733,0.0686832740213523,6.868327402135231,97.36842105263158,5.829596412556054,23.534832363245823,Low,3.674067100755733,17.576602784498792,53
18,1510,1.9743207552103763,0.1397350993377483,13.973509933774832,60.526315789473685,52.46636771300448,24.258324100373272,Low,1.9743207552103765,17.573123096824403,54
145,100,0.1307497188881043,0.35,35.0,32.89473684210527,64.12556053811659,25.000081336693786,Low,0.13074971888810438,17.53928185135208,55
115,486,0.6354436337961874,0.2839506172839506,28.39506172839506,59.210526315789465,37.21973094170404,24.77800779003074,Low,0.6354436337961874,17.53523854316037,56
58,61,0.0797573285217436,0.5081967213114754,50.81967213114754,23.684210526315788,50.22421524663677,25.007295356454257,Low,0.07975732852174368,17.529033948074503,57
73,613,0.8014957767840799,0.1451876019575856,14.518760195758563,71.05263157894737,43.49775784753363,24.68547835257279,Low,0.8014957767840799,17.520283579836175,58
206,47,0.061452367877409,0.425531914893617,42.5531914893617,7.894736842105263,84.30493273542601,24.887566098226344,Low,0.06145236787740906,17.439731979121664,59
62,300,0.3922491566643132,0.12,12.0,55.92105263157895,69.05829596412556,24.69985458360035,Low,0.3922491566643132,17.407572955519537,60
22,482,0.6302136450406632,0.0933609958506224,9.33609958506224,63.1578947368421,61.65919282511211,24.466568225417063,Low,0.6302136450406632,17.31566185130414,61
198,308,0.4027091341753614,0.3896103896103896,38.961038961038966,15.13157894736842,76.45739910313901,24.396269048874423,Low,0.40270913417536147,17.198201074464702,62
190,64,0.0836798200883868,0.375,37.5,9.86842105263158,87.4439461883408,24.498748066812787,Low,0.0836798200883868,17.174227592795464,63
61,951,1.2434298266258728,0.3753943217665615,37.53943217665615,63.81578947368421,8.520179372197308,23.923414775380824,Low,1.2434298266258728,17.119419290754337,64
99,225,0.2941868674982349,0.1022222222222222,10.222222222222223,37.5,93.27354260089686,24.16426169268938,Low,0.2941868674982349,17.003239245132036,65
17,244,0.3190293140869747,0.6516393442622951,65.1639344262295,25.657894736842103,16.367713004484305,24.00533123023323,Low,0.3190293140869747,16.899440655389352,66
92,123,0.1608221542323684,0.2195121951219512,21.951219512195124,37.5,73.31838565022422,24.04989158727536,Low,0.1608221542323684,16.88317075736246,67
53,924,1.2081274025260844,0.341991341991342,34.1991341991342,57.89473684210527,19.282511210762333,23.504358560829388,Low,1.2081274025260844,16.815489213338395,68
16,3030,3.961716482309563,0.2917491749174917,29.174917491749174,65.78947368421053,1.7937219730941705,22.30536899866735,Low,3.961716482309563,16.802273243760013,69
123,855,1.1179100964932926,0.3578947368421052,35.78947368421053,59.210526315789465,14.573991031390134,23.42273637751636,Low,1.1179100964932926,16.73128849320944,70
129,169,0.2209670249208964,0.1124260355029585,11.242603550295858,36.84210526315789,89.68609865470853,23.72037354838018,Low,0.22096702492089643,16.670551591342395,71
179,81,0.1059072722993645,0.3209876543209876,32.098765432098766,30.26315789473684,63.67713004484305,23.67125535261826,Low,0.10590727229936456,16.60165092852259,72
86,227,0.296801861875997,0.3392070484581498,33.92070484581498,53.289473684210535,28.251121076233183,23.49445985448123,Low,0.296801861875997,16.535162456699663,73
111,62,0.0810648257106247,0.3387096774193548,33.87096774193548,11.18421052631579,84.75336322869956,23.45001445533621,Low,0.08106482571062472,16.43932956644853,74
96,174,0.2275045108653016,0.0977011494252873,9.770114942528735,46.71052631578947,75.7847533632287,23.243348807620507,Low,0.22750451086530166,16.338595518593944,75
87,618,0.8080332627284852,0.0129449838187702,1.2944983818770228,36.84210526315789,99.55156950672644,22.9479943792012,Low,0.8080332627284852,16.306006044259387,76
188,76,0.0993697863549593,0.4210526315789473,42.10526315789473,13.815789473684212,66.14349775784754,23.25074626242964,Low,0.09936978635495934,16.305333319607236,77
175,65,0.0849873172772678,0.3846153846153846,38.46153846153847,26.31578947368421,53.36322869955157,22.9170217419651,Low,0.08498731727726785,16.06741141455875,78
170,83,0.1085222666771266,0.3012048192771084,30.120481927710845,11.842105263157894,85.20179372197309,22.722219499526105,Low,0.10852226667712665,15.93811032967141,79
36,838,1.0956826442823149,0.2171837708830549,21.71837708830549,72.36842105263158,13.004484304932737,22.292224186055524,Low,1.0956826442823147,15.933261723523561,80
68,104,0.1359797076436285,0.4711538461538461,47.11538461538461,24.34210526315789,39.91031390134529,22.688206174736976,Low,0.13597970764362857,15.92253823460897,81
164,73,0.0954472947883162,0.2465753424657534,24.65753424657534,25.657894736842103,75.33632286995515,22.634589857420856,Low,0.0954472947883162,15.872847088631094,82
24,69,0.090217306032792,0.2753623188405797,27.536231884057973,20.394736842105264,77.57847533632287,22.635863562297093,Low,0.09021730603279203,15.872169685417802,83
114,818,1.069532700504694,0.3251833740831296,32.51833740831296,61.18421052631579,9.417040358744394,22.206795591354936,Low,1.069532700504694,15.865616724099862,84
51,684,0.894328077194634,0.1432748538011695,14.327485380116958,34.21052631578947,76.45739910313901,22.25031770453584,Low,0.894328077194634,15.843520816333475,85
39,485,0.6341361366073063,0.2432989690721649,24.329896907216494,71.05263157894737,11.883408071748878,22.329166207998853,Low,0.6341361366073063,15.820657186581387,86
191,52,0.0679898538218142,0.4230769230769231,42.30769230769231,21.052631578947366,51.34529147982063,22.51643905621437,Low,0.06798985382181429,15.781904295496602,87
142,323,0.4223215920085772,0.0557275541795665,5.572755417956656,45.39473684210527,77.57847533632287,22.27783616016208,Low,0.4223215920085772,15.721181789716029,88
116,488,0.6380586281739494,0.3975409836065574,39.75409836065574,48.026315789473685,15.695067264573993,22.153271289014352,Low,0.6380586281739494,15.69870749076223,89
133,458,0.598833712507518,0.1353711790393013,13.537117903930133,57.89473684210527,46.18834080717489,22.13101145048283,Low,0.598833712507518,15.671358129090237,90
128,310,0.4053241285531235,0.532258064516129,53.2258064516129,30.92105263157895,15.246636771300448,21.939787306335333,Low,0.40532412855312355,15.479448353000668,91
112,405,0.5295363614968228,0.091358024691358,9.135802469135802,26.31578947368421,94.17040358744396,21.88448359473612,Low,0.5295363614968228,15.47799942476433,92
100,217,0.2837268899871865,0.152073732718894,15.207373271889402,46.05263157894737,58.52017937219731,21.90388729558629,Low,0.28372688998718654,15.417839173906557,93
134,110,0.1438246907769148,0.1454545454545454,14.545454545454543,29.605263157894733,81.83856502242153,21.890730897616574,Low,0.14382469077691482,15.366659035564677,94
152,157,0.2052770586543239,0.2738853503184713,27.38853503184713,34.21052631578947,53.36322869955157,21.775834149514143,Low,0.2052770586543239,15.304667022256197,95
110,63,0.0823723228995057,0.3809523809523809,38.095238095238095,16.447368421052634,59.865470852017935,21.826052764982546,Low,0.08237232289950577,15.302948632357634,96
106,174,0.2275045108653016,0.057471264367816,5.747126436781609,40.78947368421053,78.9237668161435,21.524243172805157,Low,0.22750451086530166,15.1352215742232,97
76,533,0.6968960016735964,0.2345215759849906,23.452157598499063,55.26315789473685,26.90582959641256,21.23030381870346,Low,0.6968960016735964,15.070281473594502,98
184,57,0.0745273397662195,0.2982456140350877,29.82456140350877,15.13157894736842,71.30044843049326,21.207334340831352,Low,0.0745273397662195,14.86749224051181,99
91,66,0.0862948144661489,0.1818181818181818,18.181818181818183,23.026315789473685,80.04484304932735,21.191962086534843,Low,0.0862948144661489,14.860261904914234,100
211,107,0.1399021992102717,0.2523364485981308,25.233644859813083,4.605263157894736,91.4798206278027,21.00739782038673,Low,0.1399021992102717,14.747149134033789,101
84,2936,3.838811746554745,0.0980926430517711,9.809264305177113,74.3421052631579,3.587443946188341,19.39437841947601,Low,3.838811746554745,14.72770841759963,102
162,59,0.0771423341439815,0.3898305084745763,38.983050847457626,11.842105263157894,58.52017937219731,20.92306760398317,Low,0.07714233414398158,14.669290023031413,103
8,646,0.8446431840171544,0.2678018575851393,26.78018575851393,58.55263157894737,11.210762331838566,20.425044378800603,Low,0.8446431840171544,14.550924020365567,104
52,189,0.2471169686985173,0.2275132275132275,22.75132275132275,42.76315789473684,41.92825112107623,20.628546722418896,Low,0.2471169686985173,14.514117796302783,105
1,531,0.6942810072958343,0.2146892655367231,21.468926553672315,53.289473684210535,27.3542600896861,20.405977791631432,Low,0.6942810072958343,14.492468756330751,106
34,337,0.4406265526529117,0.0979228486646884,9.792284866468842,26.31578947368421,83.6322869955157,20.43232278174257,Low,0.44062655265291173,14.434813913015672,107
14,1338,1.7494312387228368,0.3183856502242152,31.838565022421523,52.63157894736842,4.484304932735426,19.85837528047852,Low,1.7494312387228368,14.425692067951815,108
95,322,0.4210140948196961,0.1645962732919254,16.459627329192546,26.31578947368421,71.74887892376681,20.30880220352788,Low,0.42101409481969615,14.342465770915423,109
199,70,0.091524803221673,0.2285714285714285,22.857142857142858,7.894736842105263,86.99551569506725,20.37917035825552,Low,0.09152480322167307,14.292876691745366,110
75,405,0.5295363614968228,0.1160493827160493,11.604938271604938,59.210526315789465,34.75336322869956,20.16815885996279,Low,0.5295363614968228,14.276572110422999,111
72,74,0.0967547919771972,0.2027027027027027,20.27027027027027,24.34210526315789,69.05829596412556,20.333434931608856,Low,0.09675479197719725,14.262430889719358,112
43,373,0.4876964514526294,0.0857908847184986,8.579088471849866,53.289473684210535,47.53363228699551,20.127790278434954,Low,0.4876964514526294,14.235762130340255,113
90,251,0.328181794409142,0.1314741035856573,13.147410358565736,34.21052631578947,64.79820627802691,19.97996151226702,Low,0.328181794409142,14.084427596909658,114
93,492,0.6432886169294736,0.1504065040650406,15.040650406504067,71.05263157894737,10.762331838565023,19.842354139972034,Low,0.6432886169294736,14.082634483059264,115
163,106,0.1385947020213906,0.0188679245283018,1.8867924528301887,42.10526315789473,73.99103139013454,20.04684333411523,Low,0.13859470202139065,14.074368744487078,116
155,109,0.1425171935880337,0.1559633027522936,15.59633027522936,25.0,73.31838565022422,19.953847293776185,Low,0.14251719358803377,14.01044826371974,117
173,154,0.2013545670876807,0.0519480519480519,5.194805194805195,31.57894736842105,81.16591928251121,19.869920491597263,Low,0.20135456708768074,13.969350714244387,118
169,94,0.1229047357548181,0.2234042553191489,22.34042553191489,23.684210526315788,63.00448430493274,19.82178302828372,Low,0.12290473575481813,13.912119540525048,119
148,194,0.2536544546429225,0.0721649484536082,7.216494845360824,32.89473684210527,74.88789237668162,19.71771671812067,Low,0.2536544546429225,13.878498039077344,120
71,80,0.1045997751104835,0.2125,21.25,30.92105263157895,54.48430493273543,19.7111961762703,Low,0.10459977511048352,13.829217255922353,121
161,361,0.4720064851860568,0.2659279778393352,26.59279778393352,46.71052631578947,21.076233183856505,19.34054228079417,Low,0.47200648518605687,13.679981542111735,122
201,61,0.0797573285217436,0.2622950819672131,26.229508196721312,8.552631578947368,74.43946188340807,19.46572557888971,Low,0.07975732852174368,13.649935103779319,123
186,52,0.0679898538218142,0.1923076923076923,19.230769230769237,22.36842105263158,67.48878923766816,19.43189084539757,Low,0.06798985382181429,13.622720547924844,124
117,1239,1.6199890170236133,0.1420500403551251,14.205004035512513,67.76315789473685,6.726457399103139,18.760846804500414,Low,1.6199890170236133,13.618589468257372,125
54,390,0.5099239036636071,0.0871794871794871,8.717948717948717,73.68421052631578,13.901345291479824,19.205500639937757,Low,0.5099239036636071,13.59682761905551,126
193,96,0.1255197301325802,0.125,12.5,16.447368421052634,85.65022421524664,19.312215208550555,Low,0.12551973013258022,13.556206565025162,127
65,228,0.298109359064878,0.131578947368421,13.157894736842104,55.92105263157895,29.82062780269058,19.06602212455585,Low,0.298109359064878,13.435648294908558,128
153,353,0.4615465076750085,0.2662889518413597,26.62889518413597,42.10526315789473,23.99103139013453,18.861549739203124,Low,0.4615465076750085,13.341548769744689,129
209,90,0.1176747469992939,0.4444444444444444,44.44444444444444,15.789473684210526,30.94170403587444,18.957331352134094,Low,0.11767474699929395,13.305434370593654,130
32,540,0.7060484819957638,0.187037037037037,18.703703703703702,58.55263157894737,13.452914798206278,18.68680885424465,Low,0.7060484819957638,13.292580742569983,131
149,99,0.1294422216992233,0.3131313131313131,31.313131313131315,23.026315789473685,42.60089686098655,18.875457404005235,Low,0.12944222169922334,13.251652849313432,132
150,217,0.2837268899871865,0.2534562211981567,25.34562211981567,38.15789473684211,30.493273542600896,18.65546626470735,Low,0.28372688998718654,13.1439444522913,133
207,58,0.0758348369551005,0.2068965517241379,20.689655172413797,20.394736842105264,63.00448430493274,18.732367742046453,Low,0.07583483695510056,13.135407870519046,134
210,100,0.1307497188881043,0.08,8.0,23.026315789473685,80.04484304932735,18.66428950284908,Low,0.13074971888810438,13.104227567660786,135
144,380,0.4968489317747967,0.1210526315789473,12.105263157894736,63.1578947368421,17.48878923766816,18.47995269520225,Low,0.4968489317747967,13.085021566174014,136
107,995,1.3009597029366389,0.036180904522613,3.618090452261306,12.5,93.7219730941704,17.983202458365543,Low,1.3009597029366387,12.97852963173687,137
30,666,0.8707931277947752,0.1291291291291291,12.912912912912914,59.210526315789465,18.16143497757848,18.142865989140805,Low,0.8707931277947752,12.961244130736995,138
182,84,0.1098297638660076,0.2976190476190476,29.761904761904763,20.394736842105264,45.2914798206278,18.35707743753781,Low,0.10982976386600769,12.882903135436269,139
10,415,0.5426113333856332,0.0626506024096385,6.265060240963856,63.81578947368421,23.31838565022421,18.04422533586569,Low,0.5426113333856332,12.793741135121671,140
205,103,0.1346722104547475,0.087378640776699,8.737864077669903,17.105263157894736,83.6322869955157,18.20423058450568,Low,0.1346722104547475,12.7833630722904,141
185,76,0.0993697863549593,0.1710526315789473,17.105263157894736,17.105263157894736,69.05829596412556,18.09586073021345,Low,0.09936978635495934,12.696913447055902,142
212,52,0.0679898538218142,0.1923076923076923,19.230769230769237,19.73684210526316,61.65919282511211,18.03113559404048,Low,0.06798985382181429,12.642191871974882,143
197,98,0.1281347245103423,0.3571428571428571,35.714285714285715,17.763157894736842,36.32286995515695,17.98088739059648,Low,0.1281347245103423,12.625061590770636,144
156,88,0.1150597526215318,0.1136363636363636,11.363636363636363,7.894736842105263,90.13452914798206,17.986059732576066,Low,0.11505975262153187,12.624759738589706,145
78,567,0.7413509060955519,0.3897707231040564,38.97707231040564,30.92105263157895,9.865470852017935,17.704839594158113,Low,0.7413509060955519,12.615792987739345,146
159,141,0.1843571036322271,0.0425531914893617,4.25531914893617,15.13157894736842,90.5829596412556,17.751332364348958,Low,0.18435710363222718,12.481239786133937,147
195,140,0.1830496064433461,0.3285714285714285,32.857142857142854,25.657894736842103,28.699551569506728,17.72401723965748,Low,0.18304960644334614,12.46172694969324,148
109,52,0.0679898538218142,0.2692307692307692,26.923076923076923,17.763157894736842,48.87892376681614,17.642435316267747,Low,0.06798985382181429,12.370101677533967,149
138,191,0.2497319630762794,0.0418848167539267,4.18848167539267,27.631578947368425,72.42152466367713,17.536557693103934,Low,0.2497319630762794,12.350509974095637,150
180,123,0.1608221542323684,0.3739837398373983,37.39837398373984,19.73684210526316,27.802690582959645,17.531694366124484,Low,0.1608221542323684,12.320432702556849,151
97,50,0.0653748594440521,0.3,30.0,11.18421052631579,51.34529147982063,17.464785771013872,Low,0.06537485944405219,12.244962497542925,152
119,79,0.1032922779216024,0.0886075949367088,8.860759493670885,26.973684210526315,64.79820627802691,17.37097456839566,Low,0.10329227792160248,12.190669881253442,153
171,66,0.0862948144661489,0.2575757575757575,25.75757575757576,23.684210526315788,41.03139013452915,17.365462490622928,Low,0.0862948144661489,12.181712187775894,154
82,261,0.3412567662979525,0.2720306513409962,27.203065134099617,33.55263157894737,23.99103139013453,17.24645001435374,Low,0.3412567662979525,12.174892039937003,155
41,580,0.7583483695510054,0.0534482758620689,5.344827586206897,63.1578947368421,18.16143497757848,16.99534043837732,Low,0.7583483695510054,12.124242817729424,156
120,221,0.2889568787427107,0.085972850678733,8.597285067873303,40.131578947368425,45.73991031390135,17.152206355024298,Low,0.2889568787427107,12.093231512139822,157
135,241,0.3151068225203316,0.3526970954356846,35.26970954356847,25.657894736842103,19.730941704035875,17.034690317874052,Low,0.3151068225203316,12.018815269267934,158
208,57,0.0745273397662195,0.175438596491228,17.543859649122805,19.73684210526316,57.17488789237668,16.939377453096323,Low,0.0745273397662195,11.87992241909729,159
189,91,0.118982244188175,0.1538461538461538,15.384615384615383,23.026315789473685,55.60538116591929,16.839817076611745,Low,0.118982244188175,11.823566626884674,160
47,111,0.1451321879657958,0.027027027027027,2.702702702702702,27.631578947368425,70.17937219730942,16.78695016993209,Low,0.14513218796579586,11.794404775342201,161
213,34,0.0444549044219554,0.1764705882352941,17.647058823529413,10.526315789473683,67.48878923766816,16.658128211196097,Low,0.04445490442195549,11.674026219163855,162
125,125,0.1634371486101305,0.112,11.2,26.973684210526315,55.60538116591929,16.60091887643721,Low,0.1634371486101305,11.669674358089086,163
40,162,0.2118145445987291,0.191358024691358,19.1358024691358,36.18421052631579,29.82062780269058,16.578612710790186,Low,0.21181454459872912,11.668573260932748,164
67,73,0.0954472947883162,0.1780821917808219,17.80821917808219,23.684210526315788,49.327354260089685,16.626178956712483,Low,0.0954472947883162,11.666959458135233,165
79,243,0.3177218168980937,0.2757201646090535,27.572016460905356,30.92105263157895,20.179372197309416,16.231209197897776,Low,0.3177218168980937,11.45716298359787,166
178,82,0.1072147694882455,0.0,0.0,19.07894736842105,82.7354260089686,16.268989282824798,Low,0.10721476948824558,11.42045692882383,167
177,58,0.0758348369551005,0.1724137931034483,17.24137931034483,18.421052631578945,54.48430493273543,16.197535028594352,Low,0.07583483695510056,11.361024971102577,168
80,71,0.0928323004105541,0.323943661971831,32.3943661971831,14.473684210526317,33.6322869955157,16.075304360892616,Low,0.09283230041055412,11.280562742747996,169
7,65,0.0849873172772678,0.0615384615384615,6.153846153846154,19.73684210526316,68.16143497757847,15.744040133061846,Low,0.08498731727726785,11.046324288326472,170
151,122,0.1595146570434873,0.1393442622950819,13.934426229508196,18.421052631578945,56.502242152466366,15.706959269380189,Low,0.15951465704348736,11.042725885679177,171
94,79,0.1032922779216024,0.050632911392405,5.063291139240507,5.921052631578947,87.89237668161435,15.675206724536707,Low,0.10329227792160248,11.003632390552175,172
157,100,0.1307497188881043,0.14,14.000000000000002,15.789473684210526,59.19282511210763,15.589118391213493,Low,0.13074971888810438,10.951607789515874,173
11,187,0.2445019743207552,0.0695187165775401,6.951871657754011,41.44736842105263,35.65022421524663,15.472776020664323,Low,0.2445019743207552,10.90429380676125,174
85,1428,1.8671059857221308,0.0539215686274509,5.392156862745098,59.210526315789465,5.381165919282512,14.744161761025396,Low,1.8671059857221308,10.881045028434416,175
172,74,0.0967547919771972,0.1621621621621621,16.216216216216218,23.026315789473685,44.843049327354265,15.42447652784281,Low,0.09675479197719725,10.826160007083127,176
160,420,0.5491488193300385,0.169047619047619,16.904761904761905,24.34210526315789,38.78923766816144,15.132656706778285,Low,0.5491488193300385,10.75760434054381,177
176,117,0.1529771710990821,0.1794871794871795,17.94871794871795,25.657894736842103,36.771300448430495,15.195644370252117,Low,0.15297717109908215,10.682844210506206,178
192,106,0.1385947020213906,0.0094339622641509,0.9433962264150944,4.605263157894736,91.92825112107624,15.001577237152713,Low,0.13859470202139065,10.542682476613315,179
217,78,0.1019847807327214,0.0,0.0,9.86842105263158,86.09865470852019,14.929276329097432,Low,0.10198478073272144,10.481088864588017,180
130,57,0.0745273397662195,0.087719298245614,8.771929824561402,17.763157894736842,59.865470852017935,14.755245598796895,Low,0.0745273397662195,10.35103012108769,181
137,241,0.3151068225203316,0.2406639004149377,24.066390041493776,18.421052631578945,31.390134529147986,14.535370945069564,Low,0.3151068225203316,10.269291708304793,182
103,273,0.3569467325645249,0.1135531135531135,11.355311355311356,46.71052631578947,14.573991031390134,14.509810449720064,Low,0.35694673256452497,10.263951334573402,183
57,204,0.2667294265317329,0.0980392156862745,9.803921568627452,41.44736842105263,24.66367713004484,14.546697416486808,Low,0.2667294265317329,10.262707019500285,184
158,64,0.0836798200883868,0.0,0.0,25.0,61.65919282511211,14.282350851802171,Low,0.0836798200883868,10.022749542288034,185
200,186,0.2431944771318741,0.3118279569892473,31.18279569892473,11.842105263157894,26.00896860986547,14.162743059695332,Low,0.24319447713187417,9.986878484926295,186
187,133,0.1738971261211788,0.1353383458646616,13.533834586466163,28.289473684210524,32.28699551569507,13.953961561261378,Low,0.17389712612117886,9.819942230719317,187
140,110,0.1438246907769148,0.0909090909090909,9.090909090909092,11.842105263157894,61.65919282511211,13.947557125436433,Low,0.14382469077691482,9.806437395038577,188
126,198,0.2588844433984467,0.0707070707070707,7.07070707070707,36.18421052631579,31.838565022421523,13.883857403662532,Low,0.2588844433984467,9.796365515583306,189
165,133,0.1738971261211788,0.1578947368421052,15.789473684210526,11.842105263157894,50.22421524663677,13.918980611128198,Low,0.17389712612117886,9.79545556562609,190
219,53,0.0692973510106953,0.0188679245283018,1.8867924528301887,14.473684210526317,70.17937219730942,13.9210597253135,Low,0.06929735101069533,9.765531013022658,191
132,148,0.1935095839543945,0.0878378378378378,8.783783783783784,26.973684210526315,41.03139013452915,13.82279514181234,Low,0.1935095839543945,9.734009474454956,192
27,99,0.1294422216992233,0.0606060606060606,6.0606060606060606,25.657894736842103,47.53363228699551,13.828552194248951,Low,0.12944222169922334,9.718819202484033,193
221,58,0.0758348369551005,0.2413793103448276,24.13793103448276,5.921052631578947,43.04932735426009,13.706426322857531,Low,0.07583483695510056,9.617248877086801,194
183,111,0.1451321879657958,0.072072072072072,7.207207207207207,23.026315789473685,47.53363228699551,13.595162677932183,Low,0.14513218796579586,9.560153530942266,195
214,31,0.0405324128553123,0.1935483870967742,19.35483870967742,5.921052631578947,50.22421524663677,13.572765455872783,Low,0.04053241285531236,9.513095542967541,196
166,58,0.0758348369551005,0.0,0.0,5.921052631578947,81.83856502242153,13.49032921446106,Low,0.07583483695510056,9.46598090120927,197
66,55,0.0719123453884574,0.0545454545454545,5.454545454545454,20.394736842105264,53.36322869955157,13.475832975145536,Low,0.07191234538845741,9.454656786218413,198
56,71,0.0928323004105541,0.028169014084507,2.8169014084507045,20.394736842105264,55.60538116591929,13.161112815585843,Low,0.09283230041055412,9.240628661033256,199
118,111,0.1451321879657958,0.1711711711711711,17.117117117117118,23.684210526315788,25.56053811659193,12.908254977217544,Low,0.14513218796579586,9.079318140442018,200
218,73,0.0954472947883162,0.1780821917808219,17.80821917808219,12.5,37.89237668161435,12.674090214678026,Low,0.0954472947883162,8.900497338711112,201
23,71,0.0928323004105541,0.1267605633802817,12.676056338028168,13.815789473684212,44.17040358744394,12.594865437524698,Low,0.09283230041055412,8.844255496390453,202
143,105,0.1372872048325096,0.1047619047619047,10.476190476190476,24.34210526315789,32.73542600896861,12.452697454957493,Low,0.1372872048325096,8.758074379919996,203
147,250,0.326874297220261,0.264,26.4,15.789473684210526,16.367713004484305,12.343801406402855,Low,0.326874297220261,8.738723273648077,204
102,97,0.1268272273214612,0.0412371134020618,4.123711340206185,25.657894736842103,39.46188340807175,12.132520184559317,Low,0.12682722732146126,8.530812297387959,205
220,61,0.0797573285217436,0.2131147540983606,21.311475409836063,5.263157894736842,37.89237668161435,12.096259865057236,Low,0.07975732852174368,8.491309104096588,206
124,56,0.0732198425773384,0.0178571428571428,1.7857142857142856,7.894736842105263,66.14349775784754,11.97618854055769,Low,0.07321984257733846,8.405297931163584,207
38,633,0.8276457205617008,0.1453396524486571,14.533965244865716,32.23684210526316,6.278026905829597,11.35362205636818,Low,0.8276457205617008,8.195829155626235,208
127,106,0.1385947020213906,0.1792452830188679,17.92452830188679,15.13157894736842,26.45739910313901,11.53149561122479,Low,0.13859470202139065,8.11362533846377,209
89,165,0.2157370361653722,0.2848484848484848,28.484848484848484,7.236842105263158,17.040358744394617,11.210929168390091,Low,0.21573703616537226,7.912371528722675,210
181,67,0.0876023116550299,0.0746268656716417,7.462686567164178,13.157894736842104,44.17040358744394,11.157852051938068,Low,0.08760231165502995,7.836777129853156,211
98,54,0.0706048481995763,0.0185185185185185,1.851851851851852,5.921052631578947,60.53811659192825,10.75613291734782,Low,0.07060484819957638,7.550474496603346,212
168,174,0.2275045108653016,0.0632183908045977,6.321839080459771,26.31578947368421,22.421524663677133,10.297848168749477,Low,0.22750451086530166,7.276745071384224,213
31,212,0.2771894040427813,0.1084905660377358,10.849056603773583,20.394736842105264,21.973094170403588,10.1980514065421,Low,0.2771894040427813,7.221792805792305,214
108,227,0.296801861875997,0.066079295154185,6.607929515418502,17.763157894736842,29.14798206278027,9.695532011969432,Low,0.296801861875997,6.875912966941401,215
139,183,0.239271985565231,0.0273224043715847,2.73224043715847,18.421052631578945,34.75336322869956,9.675983914136433,Low,0.23927198556523105,6.844970335565072,216
28,625,0.8171857430506524,0.0336,3.36,30.26315789473684,8.071748878923767,8.430268208006195,Low,0.8171857430506524,6.146343468519532,217
202,82,0.1072147694882455,0.1097560975609756,10.975609756097562,4.605263157894736,33.18385650224215,8.685419453734958,Low,0.10721476948824558,6.111958048460944,218
174,74,0.0967547919771972,0.0405405405405405,4.054054054054054,5.921052631578947,34.08071748878923,7.348533579938566,Low,0.09675479197719725,5.172999943550155,219
49,51,0.0666823566329332,0.0,0.0,4.605263157894736,40.35874439461883,7.001537233424945,Low,0.06668235663293323,4.921080770387341,220
203,150,0.1961245783321566,0.0333333333333333,3.333333333333333,13.815789473684212,21.524663677130047,6.903640610972545,Low,0.1961245783321566,4.891385801180427,221
222,116,0.1516696739102011,0.043103448275862,4.310344827586207,2.631578947368421,22.869955156950677,5.095063139476917,Low,0.1516696739102011,3.612045099806902,222
216,166,0.2170445333542533,0.0060240963855421,0.6024096385542169,3.947368421052632,18.83408071748879,3.8520060148141,Low,0.2170445333542533,2.761517570376146,223
